model,MAE,MSE,RMSE,R2,Adjusted_R2,MAPE_on_nonzero_only,pct_nonzero_actuals
RandomForest,533.4080000000001,6427008.534,2428.038,0.45922,0.45176000000000005,94.82000000000001,56.09000000000001
XGBoost,551.934,7927954.608000001,2607.384,0.48742,0.48034,90.546,56.09000000000001
LightGBM,578.532,9794304.726,2855.4219999999996,0.41852,0.41050000000000003,92.038,56.09000000000001
LinearRegression,235737711063.206,1.8394388906856343e+26,6065379971143.865,-6.473294970736914e+19,-6.562650269412731e+19,923.2199999999999,56.09000000000001
Ridge,236515115400.75595,1.8515909312783533e+26,6085382087910.373,-6.516060046353939e+19,-6.606005660490726e+19,922.7459999999999,56.09000000000001
