model,Accuracy,Precision,Recall,ROC_AUC
LogisticRegression,0.680878555333629,0.732751940751749,0.6806560605571923,0.7433218352533005
RandomForestClassifier,0.6802729545548034,0.7337515250264806,0.6791641208073632,0.7430926391418609
XGBoostClassifier,0.6636538980122583,0.7091548672536834,0.6816128938944783,0.7278932584357779
