MAE,MSE,RMSE,R2,Adjusted_R2,MAPE_on_nonzero_only,pct_nonzero_actuals
527.332,4717394.194,2148.538,0.46828000000000003,0.46098,81.81400000000001,56.09000000000001
